time,latitude,longitude,depth,mag,magType,nst,gap,dmin,rms,net,id,updated,place,type,horizontalError,depthError,magError,magNst,status,locationSource,magSource
1983-01-09T21:03:54.230Z,55.179,163.244,33,6.1,ms,,,,1,us,usp0001s40,2022-04-28T00:15:30.852Z,"126 km SSE of Ust’-Kamchatsk Staryy, Russia",earthquake,,,,12,reviewed,us,us
1983-01-09T10:42:47.760Z,55.163,163.125,33,5.3,ms,,,,1,us,usp0001s3k,2022-04-28T00:15:25.206Z,"125 km SSE of Ust’-Kamchatsk Staryy, Russia",earthquake,,,,2,reviewed,us,us
1983-01-09T13:24:03.710Z,-56.902,147.557,10,5.3,ms,,,,1.4,us,usp0001s3u,2016-11-09T21:37:54.403Z,"west of Macquarie Island",earthquake,,,,1,reviewed,us,us
1983-01-09T18:36:46.860Z,35.463,140.212,80.9,5,mb,,,,1.3,us,usp0001s3x,2014-11-07T00:32:28.092Z,"8 km WNW of Mobara, Japan",earthquake,,2.5,,11,reviewed,us,us
1983-01-09T05:09:16.830Z,55.138,163.08,33,4.9,mb,,,,0.8,us,usp0001s3g,2014-11-07T00:32:28.004Z,"127 km SSE of Ust’-Kamchatsk Staryy, Russia",earthquake,,,,12,reviewed,us,us
1983-01-09T11:39:25.460Z,42.324,142.568,17.8,4.8,mb,,,,1.1,us,usp0001s3q,2014-11-07T00:32:28.055Z,"16 km E of Shizunai-furukawach?, Japan",earthquake,,9,,4,reviewed,us,us
1983-01-09T12:44:07.340Z,43.831,142.765,205.9,4.8,mb,,,,0.9,us,usp0001s3t,2014-11-07T00:32:28.066Z,"1 km SSW of Kamikawa, Japan",earthquake,,2.6,,36,reviewed,us,us
1983-01-09T23:28:29.030Z,52.282,-167.607,33,4.7,mb,,,,0.2,us,usp0001s41,2014-11-07T00:32:28.153Z,"112 km SE of Nikolski, Alaska",earthquake,,,,4,reviewed,us,us
1983-01-09T08:08:34.580Z,-8.752,112.594,88.9,4.5,mb,,,,0.3,us,usp0001s3h,2014-11-07T00:32:28.010Z,"62 km SSW of Dampit, Indonesia",earthquake,,3,,2,reviewed,us,us
1983-01-09T14:58:57.010Z,39.115,-119.555,5,3.8,ml,,,,0.9,us,usp0001s3w,2014-11-07T00:32:28.088Z,"13 km SSE of Dayton, Nevada",earthquake,,,,,reviewed,us,brk
1983-01-09T00:50:15.190Z,19.3665,-155.2571667,32.642,3.47,ml,47,55,,0.1,hv,hv19830681,2020-03-31T21:19:13.670Z,"8 km SSW of Volcano, Hawaii",earthquake,0.56,0.97,0.09,4,reviewed,hv,hv
1983-01-09T11:57:54.670Z,37.8736667,-119.8421667,3.791,3.4,ml,5,103,0.01982,11,nc,nc1084877,2016-12-10T17:59:03.708Z,"20 km ENE of Buck Meadows, California",earthquake,36.76,91.59,,0,reviewed,nc,nc
1983-01-09T11:04:34.670Z,37.622,-118.8726667,5.686,3.23,md,15,105,0.03514,0.04,nc,nc1084864,2016-12-10T17:58:16.638Z,"9 km ESE of Mammoth Lakes, California",earthquake,0.3,0.64,0.13,7,reviewed,nc,nc
1983-01-09T13:38:30.290Z,37.6436667,-118.9513333,5.102,3.17,md,13,64,0.01712,0.04,nc,nc1084899,2016-12-10T18:00:29.266Z,"1 km ESE of Mammoth Lakes, California",earthquake,0.48,0.55,0.27,7,reviewed,nc,nc
1983-01-09T00:12:54.170Z,37.6238333,-118.8971667,1.148,3.01,md,14,85,0.01892,0.06,nc,nc1084784,2016-12-10T17:53:22.857Z,"7 km ESE of Mammoth Lakes, California",earthquake,0.33,0.72,0.15,9,reviewed,nc,nc
1983-01-09T07:44:46.750Z,37.6258333,-118.9325,2.843,3.01,md,14,103,0.01892,0.06,nc,nc1084839,2016-12-10T17:56:45.221Z,"4 km SE of Mammoth Lakes, California",earthquake,0.39,0.43,0.11,9,reviewed,nc,nc
1983-01-09T08:46:27.900Z,37.6288333,-118.8846667,2.978,3.01,md,11,87,0.02973,0.05,nc,nc1084846,2016-12-10T17:57:10.186Z,"8 km ESE of Mammoth Lakes, California",earthquake,0.41,0.83,0.25,7,reviewed,nc,nc
1983-01-09T01:18:01.290Z,37.6403333,-118.9466667,5.192,2.88,md,13,61,0.01802,0.04,nc,nc1084792,2016-12-10T17:53:52.086Z,"2 km ESE of Mammoth Lakes, California",earthquake,0.53,0.5,0.24,5,reviewed,nc,nc
1983-01-09T12:11:14.910Z,37.6461667,-118.9266667,3.624,2.84,md,10,58,0.01892,0.02,nc,nc1084883,2016-12-10T17:59:25.264Z,"4 km E of Mammoth Lakes, California",earthquake,0.64,1.12,0.19,6,reviewed,nc,nc
1983-01-09T17:14:28.770Z,37.73,-118.4878333,-1.585,2.84,mh,2,346,1.328,0.2,ci,ci501875,2016-02-02T21:28:00.220Z,"39km N of Dixon Lane-Meadow Creek, CA",earthquake,5.52,31.61,0.284,4,reviewed,ci,ci
1983-01-09T04:42:22.520Z,37.5958333,-118.815,1.556,2.79,md,13,84,0.00991,0.06,nc,nc1084820,2016-12-10T17:55:36.357Z,"10 km WNW of Aspen Springs, California",earthquake,0.31,0.46,0.07,8,reviewed,nc,nc
1983-01-09T21:04:25.660Z,37.6285,-118.9308333,2.383,2.78,md,10,98,0.02072,0.05,nc,nc1084940,2016-12-10T18:02:55.219Z,"4 km ESE of Mammoth Lakes, California",earthquake,0.53,0.57,0.31,2,reviewed,nc,nc
1983-01-09T11:17:38.060Z,37.6271667,-118.8756667,4.638,2.77,md,12,96,0.03514,0.05,nc,nc1084866,2016-12-10T17:58:23.769Z,"8 km ESE of Mammoth Lakes, California",earthquake,0.43,0.87,0.06,6,reviewed,nc,nc
1983-01-09T20:09:32.490Z,37.6246667,-118.8701667,4.626,2.74,md,12,101,0.03784,0.06,nc,nc1084934,2016-12-10T18:02:33.425Z,"9 km ESE of Mammoth Lakes, California",earthquake,0.42,0.85,0.23,7,reviewed,nc,nc
1983-01-09T23:10:44.170Z,37.6236667,-118.8765,3.563,2.66,md,9,101,0.03333,0.03,nc,nc1084954,2016-12-10T18:03:42.953Z,"8 km ESE of Mammoth Lakes, California",earthquake,0.42,0.97,0.2,7,reviewed,nc,nc
1983-01-09T15:27:22.560Z,37.6375,-118.9418333,2.332,2.65,md,11,67,0.01982,0.07,nc,nc1084912,2016-12-10T18:01:12.247Z,"2 km ESE of Mammoth Lakes, California",earthquake,0.46,0.5,0.06,3,reviewed,nc,nc
1983-01-09T09:35:03.000Z,37.7365,-118.306,4.405,2.54,mh,2,347,1.307,0.06,ci,ci501850,2016-02-02T18:50:36.420Z,"40km NNE of Dixon Lane-Meadow Creek, CA",earthquake,4.4,31.61,0.478,2,reviewed,ci,ci
1983-01-09T13:10:17.450Z,37.4093333,-121.7551667,6.957,2.54,md,73,24,0.05045,0.09,nc,nc1084893,2016-12-10T18:00:04.920Z,"6 km ENE of East Foothills, California",earthquake,0.14,0.49,0.12,75,reviewed,nc,nc
1983-01-09T15:03:31.350Z,19.1885,-155.5741667,1.935,2.54,ml,37,126,,0.15,hv,hv19830694,2020-03-31T21:19:15.620Z,"10 km W of P?hala, Hawaii",earthquake,0.59,2.79,0.16,2,reviewed,hv,hv
1983-01-09T11:26:27.040Z,37.743,-118.3286667,4.405,2.5,mh,2,347,1.316,0.12,ci,ci12324159,2016-02-03T04:08:48.650Z,"40km N of Dixon Lane-Meadow Creek, CA",earthquake,4.45,31.61,0.688,2,reviewed,ci,ci
1983-01-09T07:28:58.730Z,37.6385,-118.9306667,4.74,2.43,mh,9,224,,1.39,ci,ci501840,2016-04-02T10:22:41.613Z,"4km E of Mammoth Lakes, CA",earthquake,7.27,31.61,0.11,5,reviewed,ci,ci
1983-01-09T22:28:17.320Z,34.1325,-117.4601667,3.321,2.42,ml,46,73,,0.24,ci,ci501895,2016-04-02T03:48:38.814Z,"4km N of Fontana, CA",earthquake,0.41,0.8,0.211,6,reviewed,ci,ci
1983-01-09T08:59:24.290Z,37.6303333,-118.9565,3.597,2.38,md,11,100,0.007207,0.02,nc,nc1084850,2016-12-10T17:57:25.287Z,"2 km SE of Mammoth Lakes, California",earthquake,0.6,0.57,0.04,4,reviewed,nc,nc
1983-01-09T15:39:12.260Z,31.498,-115.492,5.925,2.38,mc,0,321.9,,0.449,ci,ci501872,2016-02-03T01:59:28.140Z,"87km SSW of Alberto Oviedo Mota, B.C., MX",earthquake,,,,5,reviewed,ci,ci
1983-01-09T19:37:14.610Z,37.5865,-118.8083333,2.992,2.38,md,10,129,0.08919,0.03,nc,nc1084930,2016-12-10T18:02:18.638Z,"9 km WNW of Aspen Springs, California",earthquake,0.4,1.69,0.09,7,reviewed,nc,nc
1983-01-09T01:07:09.960Z,37.6418333,-118.9281667,4.354,2.37,md,9,92,0.02162,0.02,nc,nc1084788,2016-12-10T17:53:37.536Z,"3 km E of Mammoth Lakes, California",earthquake,0.7,1.14,0.11,6,reviewed,nc,nc
1983-01-09T12:49:35.330Z,37.6438333,-118.944,2.802,2.36,md,10,73,0.02162,0.05,nc,nc1084890,2016-12-10T17:59:50.761Z,"2 km ESE of Mammoth Lakes, California",earthquake,0.54,0.63,0.3,7,reviewed,nc,nc
1983-01-09T22:47:45.140Z,37.6198333,-118.8916667,1.163,2.34,md,10,120,0.02072,0.05,nc,nc1084949,2016-12-10T18:03:24.515Z,"7 km ESE of Mammoth Lakes, California",earthquake,0.37,1.21,0.14,7,reviewed,nc,nc
1983-01-09T06:08:53.730Z,19.3485,-155.2891667,0.844,2.31,ml,17,67,,0.12,hv,hv19830686,2020-03-31T21:19:14.410Z,"11 km SSW of Volcano, Hawaii",earthquake,0.33,0.56,,2,reviewed,hv,hv
1983-01-09T18:24:18.160Z,37.6218333,-118.8741667,5.288,2.31,md,10,105,0.03423,0.04,nc,nc1084926,2016-12-10T18:02:03.553Z,"9 km ESE of Mammoth Lakes, California",earthquake,0.43,1.09,0.12,8,reviewed,nc,nc
1983-01-09T15:04:49.140Z,37.6325,-118.9183333,-0.607,2.3,md,8,84,0.02072,0.04,nc,nc1084910,2016-12-10T18:01:04.884Z,"5 km ESE of Mammoth Lakes, California",earthquake,0.27,0.38,0.21,4,reviewed,nc,nc
1983-01-09T10:39:53.190Z,37.6246667,-118.9251667,-0.327,2.29,md,10,105,0.01441,0.05,nc,nc1084861,2016-12-10T17:58:05.482Z,"4 km ESE of Mammoth Lakes, California",earthquake,0.26,0.34,0.05,7,reviewed,nc,nc
1983-01-09T12:32:38.600Z,37.6365,-118.9291667,2.643,2.29,md,10,73,0.02613,0.04,nc,nc1084886,2016-12-10T17:59:36.512Z,"4 km ESE of Mammoth Lakes, California",earthquake,0.41,0.6,0.06,7,reviewed,nc,nc
1983-01-09T22:49:10.650Z,37.6215,-118.8863333,0.936,2.29,md,12,100,0.02523,0.06,nc,nc1084950,2016-12-10T18:03:28.160Z,"8 km ESE of Mammoth Lakes, California",earthquake,0.36,0.81,0.18,8,reviewed,nc,nc
1983-01-09T11:59:58.620Z,37.6373333,-118.9211667,4.398,2.25,md,6,124,0.02162,0.02,nc,nc1084878,2016-12-10T17:59:07.218Z,"4 km ESE of Mammoth Lakes, California",earthquake,0.95,1.04,0.14,4,reviewed,nc,nc
1983-01-09T18:53:17.850Z,37.6378333,-118.9375,2.372,2.25,md,9,95,0.02342,0.04,nc,nc1084929,2016-12-10T18:02:14.994Z,"3 km ESE of Mammoth Lakes, California",earthquake,0.41,0.45,0.01,3,reviewed,nc,nc
1983-01-09T20:23:07.420Z,37.6435,-118.9608333,4.817,2.24,md,11,90,0.01261,0.02,nc,nc1084937,2016-12-10T18:02:44.215Z,"1 km ESE of Mammoth Lakes, California",earthquake,0.53,0.61,0.17,3,reviewed,nc,nc
1983-01-09T02:50:59.550Z,37.625,-118.8723333,4.358,2.2,md,9,115,0.03423,0.05,nc,nc1084809,2016-12-10T17:54:56.808Z,"9 km ESE of Mammoth Lakes, California",earthquake,0.5,1,0.08,6,reviewed,nc,nc
1983-01-09T17:34:28.980Z,33.73,-117.461,5.567,2.2,mc,24,127,,0.25,ci,ci501876,2016-02-02T21:14:33.200Z,"14km NE of Trabuco Canyon, CA",earthquake,0.66,5.53,,20,reviewed,ci,ci
1983-01-09T01:56:31.150Z,35.7393333,-117.7495,7.015,2.18,mc,25,46,,0.14,ci,ci501822,2016-04-02T13:30:35.452Z,"12km NNE of Inyokern, CA",earthquake,0.26,1.1,,29,reviewed,ci,ci
1983-01-09T16:08:02.840Z,37.668,-118.9006667,9.943,2.18,md,7,173,0.01351,0.19,nc,nc1084916,2016-12-10T18:01:27.028Z,"6 km ENE of Mammoth Lakes, California",earthquake,2.07,3.28,0.11,6,reviewed,nc,nc
1983-01-09T00:05:37.850Z,37.6393333,-118.9073333,4.328,2.17,md,8,103,0.01532,0.01,nc,nc1084781,2016-12-10T17:53:11.635Z,"5 km E of Mammoth Lakes, California",earthquake,0.46,1.06,0.18,5,reviewed,nc,nc
1983-01-09T19:58:01.290Z,37.6408333,-118.9318333,-0.496,2.16,md,10,65,0.02523,0.07,nc,nc1084931,2016-12-10T18:02:22.168Z,"3 km ESE of Mammoth Lakes, California",earthquake,0.26,0.48,0.04,3,reviewed,nc,nc
1983-01-09T20:54:35.890Z,37.6228333,-118.8776667,2.836,2.16,md,11,102,0.03153,0.07,nc,nc1084938,2016-12-10T18:02:48.049Z,"8 km ESE of Mammoth Lakes, California",earthquake,0.47,0.81,0.33,9,reviewed,nc,nc
1983-01-09T18:32:06.250Z,37.6256667,-118.8835,5.236,2.14,md,11,95,0.02883,0.01,nc,nc1084927,2016-12-10T18:02:07.391Z,"8 km ESE of Mammoth Lakes, California",earthquake,0.44,0.9,0.07,7,reviewed,nc,nc
1983-01-09T01:15:47.820Z,37.6396667,-118.9118333,5.162,2.13,md,8,82,0.01622,0.02,nc,nc1084791,2016-12-10T17:53:48.318Z,"5 km E of Mammoth Lakes, California",earthquake,0.66,0.93,0.05,3,reviewed,nc,nc
1983-01-09T17:03:37.480Z,37.6298333,-118.8968333,2.153,2.13,md,8,103,0.02342,0.03,nc,nc1084919,2016-12-10T18:01:38.165Z,"6 km ESE of Mammoth Lakes, California",earthquake,0.42,0.71,0.04,6,reviewed,nc,nc
1983-01-09T21:52:40.810Z,37.6221667,-118.8641667,2.368,2.13,md,10,106,0.04234,0.03,nc,nc1084943,2016-12-10T18:03:02.959Z,"9 km ESE of Mammoth Lakes, California",earthquake,0.4,0.94,0.15,6,reviewed,nc,nc
1983-01-09T15:56:33.200Z,37.6463333,-118.939,1.853,2.12,md,8,120,0.02613,0.05,nc,nc1084914,2016-12-10T18:01:19.725Z,"2 km E of Mammoth Lakes, California",earthquake,0.55,0.63,0.37,2,reviewed,nc,nc
1983-01-09T15:03:37.310Z,39.3078333,-123.223,6.59,2.11,md,16,40,0.1189,0.06,nc,nc1084909,2016-12-10T18:01:01.315Z,"4 km NNW of Redwood Valley, California",earthquake,0.27,1.5,0.18,13,reviewed,nc,nc
1983-01-09T08:19:16.930Z,37.6206667,-118.8713333,3.632,2.09,md,8,108,0.03514,0.02,nc,nc1084842,2016-12-10T17:56:55.735Z,"9 km ESE of Mammoth Lakes, California",earthquake,0.4,1.09,0.05,3,reviewed,nc,nc
1983-01-09T03:55:55.490Z,19.3245,-155.0426667,5.259,2.08,ml,21,191,,0.08,hv,hv19830683,2020-03-31T21:19:13.970Z,"18 km SSE of Fern Forest, Hawaii",earthquake,0.51,0.82,0.03,2,reviewed,hv,hv
1983-01-09T13:10:13.310Z,37.6463333,-118.9286667,3.764,2.08,md,8,92,0.01982,0.04,nc,nc1084892,2016-12-10T17:59:57.959Z,"3 km E of Mammoth Lakes, California",earthquake,0.55,0.79,0.24,4,reviewed,nc,nc
1983-01-09T04:38:13.360Z,37.6176667,-118.878,9.346,2.06,md,10,112,0.03063,0.06,nc,nc1084818,2016-12-10T17:55:29.334Z,"8 km ESE of Mammoth Lakes, California",earthquake,0.48,1.05,0.18,6,reviewed,nc,nc
1983-01-09T16:59:40.540Z,19.3591667,-155.0266667,4.419,2.06,ml,23,151,,0.14,hv,hv19830698,2020-03-31T21:19:16.190Z,"16 km SE of Fern Forest, Hawaii",earthquake,0.52,1.46,0.17,3,reviewed,hv,hv
1983-01-09T06:31:33.140Z,37.6368333,-118.9336667,1.813,2.04,md,10,92,0.02613,0.06,nc,nc1084832,2016-12-10T17:56:19.728Z,"3 km ESE of Mammoth Lakes, California",earthquake,0.47,0.59,0.06,3,reviewed,nc,nc
1983-01-09T12:33:47.980Z,37.6353333,-118.9331667,2.882,2.04,md,8,97,0.02613,0.04,nc,nc1084887,2016-12-10T17:59:40.109Z,"3 km ESE of Mammoth Lakes, California",earthquake,0.74,1.02,0.04,6,reviewed,nc,nc
1983-01-09T18:44:35.990Z,35.8165,-117.7413333,5.239,2.03,mc,20,61,,0.27,ci,ci501883,2016-04-02T07:00:29.691Z,"20km NNE of Inyokern, CA",earthquake,0.5,1.54,,19,reviewed,ci,ci
1983-01-09T09:37:25.200Z,37.6203333,-118.8696667,3.868,2.02,md,10,108,0.03423,0.04,nc,nc1084852,2016-12-10T17:57:32.263Z,"9 km ESE of Mammoth Lakes, California",earthquake,0.37,0.89,0.17,6,reviewed,nc,nc
1983-01-09T04:15:02.960Z,35.7576667,-117.7263333,3.11,2.01,mh,28,52,,0.24,ci,ci501832,2016-04-02T07:03:42.150Z,"15km NNE of Inyokern, CA",earthquake,0.38,0.6,0.291,11,reviewed,ci,ci
1983-01-09T18:13:05.270Z,37.6208333,-118.868,5.373,2.01,md,7,108,0.03874,0.02,nc,nc1084924,2016-12-10T18:01:56.042Z,"9 km ESE of Mammoth Lakes, California",earthquake,0.92,1.67,0.19,7,reviewed,nc,nc
1983-01-09T01:06:17.180Z,37.6145,-118.8478333,5.778,2,md,10,116,0.02613,0.04,nc,nc1084787,2016-12-10T17:53:33.813Z,"11 km ESE of Mammoth Lakes, California",earthquake,0.45,1.35,0.2,6,reviewed,nc,nc
1983-01-09T10:56:49.080Z,37.6271667,-118.901,0.778,2,md,10,72,0.01892,0.05,nc,nc1084862,2016-12-10T17:58:09.131Z,"6 km ESE of Mammoth Lakes, California",earthquake,0.35,0.71,0.01,6,reviewed,nc,nc
1983-01-09T18:33:56.590Z,31.705,-115.995,5.842,2,mh,6,275,,0.32,ci,ci501882,2016-04-02T15:32:59.121Z,"54km E of Maneadero, B.C., MX",earthquake,1.89,3.92,,0,reviewed,ci,ci
1983-01-09T13:44:17.930Z,37.63,-118.8811667,2.528,1.99,md,9,88,0.03153,0.04,nc,nc1084900,2016-12-10T18:00:32.732Z,"8 km ESE of Mammoth Lakes, California",earthquake,0.44,0.95,0.3,4,reviewed,nc,nc
1983-01-09T14:49:56.860Z,39.0135,-123.0785,4.631,1.99,md,25,87,0.05315,0.09,nc,nc1084906,2016-12-10T18:00:53.991Z,"5 km NE of Hopland, California",earthquake,0.23,0.65,0.09,16,reviewed,nc,nc
1983-01-09T18:44:34.830Z,39.0141667,-123.0806667,5.241,1.98,md,22,64,0.05495,0.07,nc,nc1084928,2016-12-10T18:02:11.297Z,"5 km NE of Hopland, California",earthquake,0.2,0.54,0.22,17,reviewed,nc,nc
1983-01-09T12:15:21.100Z,37.638,-118.9323333,-0.016,1.94,md,7,101,0.02703,0.02,nc,nc1084884,2016-12-10T17:59:29.246Z,"3 km ESE of Mammoth Lakes, California",earthquake,0.64,1.75,0.13,6,reviewed,nc,nc
1983-01-09T02:53:04.850Z,37.6225,-118.8673333,5.519,1.93,md,6,115,0.03153,0.01,nc,nc1084810,2016-12-10T17:55:00.258Z,"9 km ESE of Mammoth Lakes, California",earthquake,0.5,1.18,0.52,4,reviewed,nc,nc
1983-01-09T16:01:02.450Z,37.6168333,-118.8613333,3.188,1.93,md,9,114,0.04324,0.03,nc,nc1084915,2016-12-10T18:01:23.268Z,"10 km ESE of Mammoth Lakes, California",earthquake,0.41,1.16,0.22,6,reviewed,nc,nc
1983-01-09T17:01:04.720Z,19.3556667,-155.0243333,5.219,1.92,ml,23,159,,0.14,hv,hv19830699,2020-03-31T21:19:16.350Z,"16 km SE of Fern Forest, Hawaii",earthquake,0.69,1.41,0.19,3,reviewed,hv,hv
1983-01-09T20:04:15.530Z,37.6136667,-118.9128333,3.203,1.92,md,9,90,0.002703,0.04,nc,nc1084933,2016-12-10T18:02:29.481Z,"6 km SE of Mammoth Lakes, California",earthquake,0.45,0.61,0.1,6,reviewed,nc,nc
1983-01-09T02:02:22.900Z,36.328,-120.8925,3.732,1.91,md,30,56,0.03333,0.09,nc,nc1084799,2016-12-10T17:54:19.650Z,"24 km ENE of King City, California",earthquake,0.24,0.5,0.17,24,reviewed,nc,nc
1983-01-09T07:37:21.090Z,37.6056667,-118.8715,-1.712,1.91,md,7,306,0.03514,0.08,nc,nc1084838,2016-12-10T17:56:41.553Z,"10 km ESE of Mammoth Lakes, California",earthquake,5.41,1.85,0.09,6,reviewed,nc,nc
1983-01-09T02:41:50.770Z,37.6381667,-118.8636667,2.748,1.9,md,9,126,0.02432,0.06,nc,nc1084808,2016-12-10T17:54:53.307Z,"9 km E of Mammoth Lakes, California",earthquake,0.49,1.04,0.03,6,reviewed,nc,nc
1983-01-09T20:20:34.680Z,37.6461667,-118.941,3.252,1.88,md,10,69,0.01982,0.03,nc,nc1084936,2016-12-10T18:02:40.688Z,"2 km E of Mammoth Lakes, California",earthquake,1.55,2.22,0.09,7,reviewed,nc,nc
1983-01-09T02:57:12.950Z,37.6496667,-118.9176667,3.844,1.87,md,8,84,0.01081,0.03,nc,nc1084812,2016-12-10T17:55:07.963Z,"4 km E of Mammoth Lakes, California",earthquake,0.47,0.94,0.07,4,reviewed,nc,nc
1983-01-09T13:26:44.460Z,37.6301667,-118.8568333,1.528,1.87,md,9,97,0.04595,0.09,nc,nc1084897,2016-12-10T18:00:21.675Z,"10 km ESE of Mammoth Lakes, California",earthquake,0.46,1.69,0.06,7,reviewed,nc,nc
1983-01-09T15:42:28.980Z,37.6216667,-118.8565,4.028,1.87,md,9,107,0.04775,0.03,nc,nc1084913,2016-12-10T18:01:16.097Z,"10 km ESE of Mammoth Lakes, California",earthquake,0.38,1.25,0.09,6,reviewed,nc,nc
1983-01-09T21:15:51.060Z,37.629,-118.9203333,-0.057,1.87,md,10,81,0.01712,0.04,nc,nc1084942,2016-12-10T18:02:59.225Z,"5 km ESE of Mammoth Lakes, California",earthquake,0.28,0.52,0.1,8,reviewed,nc,nc
1983-01-09T11:21:48.850Z,37.6306667,-118.8833333,3.058,1.86,md,9,155,0.02973,0.03,nc,nc1084867,2016-12-10T17:58:27.786Z,"8 km ESE of Mammoth Lakes, California",earthquake,0.61,0.9,0.11,4,reviewed,nc,nc
1983-01-09T02:28:22.110Z,37.6401667,-118.9331667,0.482,1.84,md,9,67,0.02613,0.01,nc,nc1084806,2016-12-10T17:54:46.148Z,"3 km ESE of Mammoth Lakes, California",earthquake,0.27,0.83,0.08,8,reviewed,nc,nc
1983-01-09T07:44:47.990Z,34.0143333,-116.7298333,16.452,1.84,mc,25,45,,0.22,ci,ci501841,2016-04-02T07:03:43.453Z,"12km NNE of Cabazon, CA",earthquake,0.38,0.84,,16,reviewed,ci,ci
1983-01-09T11:38:21.760Z,37.6271667,-118.8811667,3.968,1.84,md,9,168,0.03153,0.02,nc,nc1084872,2016-12-10T17:58:45.961Z,"8 km ESE of Mammoth Lakes, California",earthquake,0.62,0.96,0.12,6,reviewed,nc,nc
1983-01-09T20:01:54.260Z,39.4253333,-123.3046667,6.839,1.84,md,12,50,0.01802,0.05,nc,nc1084932,2016-12-10T18:02:25.750Z,"4 km ENE of Willits, California",earthquake,0.28,0.57,0.19,9,reviewed,nc,nc
1983-01-09T04:08:45.730Z,37.5085,-118.7733333,-1.585,1.83,ml,2,340,1.202,0.62,ci,ci501831,2016-02-03T02:50:31.870Z,"23km SE of Mammoth Lakes, CA",earthquake,12.31,31.61,0.035,2,reviewed,ci,ci
1983-01-09T04:55:36.070Z,37.6303333,-118.891,6.908,1.83,md,10,79,0.02703,0.04,nc,nc1084823,2016-12-10T17:55:47.147Z,"7 km ESE of Mammoth Lakes, California",earthquake,0.6,1.32,0.18,6,reviewed,nc,nc
1983-01-09T05:56:38.830Z,37.6403333,-118.9326667,1.122,1.83,md,9,66,0.02613,0.03,nc,nc1084828,2016-12-10T17:56:05.453Z,"3 km ESE of Mammoth Lakes, California",earthquake,0.31,0.68,0.09,2,reviewed,nc,nc
1983-01-09T23:50:24.850Z,37.6205,-118.9105,1.663,1.83,md,9,121,0.009009,0.02,nc,nc1084958,2016-12-10T18:03:57.579Z,"6 km ESE of Mammoth Lakes, California",earthquake,0.51,0.76,0.08,7,reviewed,nc,nc
1983-01-09T07:23:34.620Z,37.6443333,-118.9433333,2.622,1.82,md,10,72,0.02162,0.05,nc,nc1084836,2016-12-10T17:56:34.249Z,"2 km E of Mammoth Lakes, California",earthquake,0.49,0.63,0.04,6,reviewed,nc,nc
1983-01-09T16:54:03.310Z,38.8183333,-122.8095,3.094,1.82,md,18,81,0.01532,0.04,nc,nc1084917,2016-12-10T18:01:30.758Z,"7 km W of Cobb, California",earthquake,0.27,0.48,0.1,11,reviewed,nc,nc
1983-01-09T17:42:10.710Z,19.3721667,-155.0196667,2.96,1.82,ml,17,157,,0.13,hv,hv19830700,2020-03-31T21:19:16.510Z,"15 km SW of Leilani Estates, Hawaii",earthquake,0.58,1.88,,1,reviewed,hv,hv
1983-01-09T06:36:10.670Z,37.6278333,-118.8776667,4.998,1.81,md,10,94,0.03423,0.04,nc,nc1084833,2016-12-10T17:56:23.235Z,"California-Nevada border region",earthquake,0.73,1.55,0.15,6,reviewed,nc,nc
1983-01-09T13:22:59.880Z,37.6346667,-118.8968333,5.843,1.81,md,8,70,0.02162,0.02,nc,nc1084896,2016-12-10T18:00:18.086Z,"6 km ESE of Mammoth Lakes, California",earthquake,0.62,1.09,0.19,4,reviewed,nc,nc
1983-01-09T13:12:19.130Z,37.6268333,-118.8836667,5.792,1.8,md,8,92,0.02883,0.02,nc,nc1084894,2016-12-10T18:00:10.631Z,"8 km ESE of Mammoth Lakes, California",earthquake,0.57,1.45,0.29,6,reviewed,nc,nc
1983-01-09T15:24:44.250Z,37.6188333,-118.85,6.002,1.8,md,8,111,0.05225,0.03,nc,nc1084911,2016-12-10T18:01:08.571Z,"11 km ESE of Mammoth Lakes, California",earthquake,0.46,1.12,0.27,6,reviewed,nc,nc
1983-01-09T03:50:13.740Z,39.6925,-123.5715,0,1.79,md,7,170,0.007207,0.13,nc,nc1084814,2016-12-10T17:55:15.211Z,"7 km W of Laytonville, California",earthquake,0.83,12.96,0.12,4,reviewed,nc,nc
1983-01-09T03:18:23.400Z,37.6271667,-118.8828333,5.648,1.78,md,11,91,0.02973,0.02,nc,nc1084813,2016-12-10T17:55:11.680Z,"8 km ESE of Mammoth Lakes, California",earthquake,0.45,1.05,0.06,6,reviewed,nc,nc
1983-01-09T02:56:09.200Z,37.6276667,-118.8826667,5.568,1.77,md,10,101,0.03063,0.03,nc,nc1084811,2016-12-10T17:55:04.043Z,"8 km ESE of Mammoth Lakes, California",earthquake,0.51,0.96,0.04,7,reviewed,nc,nc
1983-01-09T04:16:49.390Z,37.6273333,-118.8841667,5.418,1.77,md,11,91,0.02883,0.02,nc,nc1084816,2016-12-10T17:55:22.259Z,"8 km ESE of Mammoth Lakes, California",earthquake,0.67,1.14,0.15,7,reviewed,nc,nc
1983-01-09T12:04:43.860Z,37.642,-118.9376667,4.152,1.77,md,7,148,0.02432,0.03,nc,nc1084880,2016-12-10T17:59:14.760Z,"3 km ESE of Mammoth Lakes, California",earthquake,1.23,1.95,0.09,6,reviewed,nc,nc
1983-01-09T01:58:30.630Z,37.6445,-118.9426667,2.742,1.76,md,10,72,0.02162,0.05,nc,nc1084798,2016-12-10T17:54:13.761Z,"2 km E of Mammoth Lakes, California",earthquake,0.52,0.59,0.37,7,reviewed,nc,nc
1983-01-09T17:22:47.900Z,37.6388333,-118.943,2.652,1.76,md,7,109,0.01982,0.01,nc,nc1084920,2016-12-10T18:01:41.891Z,"2 km ESE of Mammoth Lakes, California",earthquake,0.62,0.71,0.04,7,reviewed,nc,nc
1983-01-09T09:04:01.080Z,33.646,-116.715,13.105,1.75,mc,21,49,,0.19,ci,ci501849,2016-02-02T18:36:51.790Z,"10km S of Idyllwild, CA",earthquake,0.41,0.88,,7,reviewed,ci,ci
1983-01-09T05:50:20.930Z,37.6375,-118.924,5.538,1.73,md,10,68,0.02252,0.02,nc,nc1084827,2016-12-10T17:56:01.666Z,"4 km ESE of Mammoth Lakes, California",earthquake,0.5,0.73,0.15,6,reviewed,nc,nc
1983-01-09T12:42:39.940Z,37.6325,-118.9153333,-0.612,1.73,md,8,90,0.02072,0.03,nc,nc1084889,2016-12-10T17:59:47.214Z,"5 km ESE of Mammoth Lakes, California",earthquake,0.4,0.5,0.07,6,reviewed,nc,nc
1983-01-09T13:02:38.060Z,40.7661667,-121.1271667,9.224,1.72,md,6,243,0.2577,0.38,nc,nc1084891,2016-12-10T17:59:54.239Z,"27 km ENE of Old Station, California",earthquake,1.05,2.8,0.15,8,reviewed,nc,nc
1983-01-09T04:52:58.920Z,37.631,-118.8906667,6.168,1.71,md,9,79,0.02703,0.02,nc,nc1084822,2016-12-10T17:55:43.500Z,"7 km ESE of Mammoth Lakes, California",earthquake,0.47,1.02,0.18,6,reviewed,nc,nc
1983-01-09T10:38:11.620Z,37.64,-118.9446667,1.472,1.71,md,8,70,0.01892,0.03,nc,nc1084860,2016-12-10T17:58:01.651Z,"2 km ESE of Mammoth Lakes, California",earthquake,0.44,1.31,0.07,6,reviewed,nc,nc
1983-01-09T22:33:25.370Z,19.3318333,-155.0696667,4.896,1.71,ml,18,133,,0.07,hv,hv19830705,2020-03-31T21:17:48.590Z,"16 km SSE of Fern Forest, Hawaii",earthquake,0.62,1.58,0.34,3,reviewed,hv,hv
1983-01-09T23:52:17.900Z,37.646,-118.9421667,1.472,1.71,md,10,71,0.01982,0.04,nc,nc1084959,2016-12-10T18:04:01.195Z,"2 km E of Mammoth Lakes, California",earthquake,0.41,0.71,0.2,8,reviewed,nc,nc
1983-01-09T14:16:56.210Z,37.6431667,-118.9418333,2.052,1.7,md,9,119,0.02252,0.05,nc,nc1084902,2016-12-10T18:00:39.738Z,"2 km ESE of Mammoth Lakes, California",earthquake,0.53,0.56,0.07,3,reviewed,nc,nc
1983-01-09T19:11:55.510Z,35.8116667,-117.7466667,6.939,1.69,mc,16,58,,0.13,ci,ci501886,2016-04-02T03:48:35.611Z,"19km NNE of Inyokern, CA",earthquake,0.36,1.19,,16,reviewed,ci,ci
1983-01-09T15:31:18.930Z,35.806,-117.757,6.576,1.68,mc,20,54,,0.19,ci,ci501871,2016-02-02T23:52:31.560Z,"18km NNE of Inyokern, CA",earthquake,0.43,1.32,,15,reviewed,ci,ci
1983-01-09T22:51:10.370Z,37.6225,-118.8763333,3.688,1.68,md,10,103,0.03243,0.03,nc,nc1084951,2016-12-10T18:03:31.727Z,"8 km ESE of Mammoth Lakes, California",earthquake,0.43,1.08,0.17,6,reviewed,nc,nc
1983-01-09T00:24:35.330Z,19.312,-155.2216667,7.915,1.66,ml,19,80,,0.06,hv,hv19830680,2020-03-31T21:19:13.520Z,"14 km S of Volcano, Hawaii",earthquake,0.6,1.11,0.06,2,reviewed,hv,hv
1983-01-09T10:06:32.530Z,37.6293333,-118.8846667,6.808,1.66,md,11,86,0.02973,0.02,nc,nc1084856,2016-12-10T17:57:46.962Z,"California-Nevada border region",earthquake,0.39,0.96,0.21,6,reviewed,nc,nc
1983-01-09T02:05:31.740Z,37.6395,-118.939,4.813,1.65,md,9,67,0.02252,0.06,nc,nc1084800,2016-12-10T17:54:24.663Z,"3 km ESE of Mammoth Lakes, California",earthquake,0.85,1.13,0.23,3,reviewed,nc,nc
1983-01-09T10:34:02.610Z,37.6453333,-118.9218333,4.204,1.63,md,10,59,0.01622,0.05,nc,nc1084859,2016-12-10T17:57:58.016Z,"4 km E of Mammoth Lakes, California",earthquake,1.01,1.76,0.12,8,reviewed,nc,nc
1983-01-09T21:20:29.070Z,19.3675,-154.9915,7.969,1.63,ml,30,182,,0.12,hv,hv19830703,2020-03-31T21:17:48.310Z,"13 km SW of Leilani Estates, Hawaii",earthquake,0.94,1.15,0.21,2,reviewed,hv,hv
1983-01-09T12:06:51.770Z,37.6246667,-118.8806667,7.448,1.62,md,10,97,0.03063,0.01,nc,nc1084881,2016-12-10T17:59:18.228Z,"8 km ESE of Mammoth Lakes, California",earthquake,0.5,1.26,0.16,6,reviewed,nc,nc
1983-01-09T01:11:37.280Z,37.6341667,-118.9135,1.488,1.61,md,10,59,0.02162,0.05,nc,nc1084790,2016-12-10T17:53:44.874Z,"5 km ESE of Mammoth Lakes, California",earthquake,0.35,0.67,0.05,3,reviewed,nc,nc
1983-01-09T17:00:30.900Z,38.946,-122.6155,3.191,1.61,md,12,169,0.04414,0.12,nc,nc1084918,2016-12-10T18:01:34.534Z,"1 km SE of Clearlake, California",earthquake,0.58,1.28,0.11,7,reviewed,nc,nc
1983-01-09T14:44:33.760Z,37.6456667,-118.9378333,1.392,1.6,md,8,117,0.02072,0.03,nc,nc1084905,2016-12-10T18:00:50.356Z,"3 km E of Mammoth Lakes, California",earthquake,0.43,0.7,0.25,3,reviewed,nc,nc
1983-01-09T22:13:58.380Z,34.216,-116.886,9.451,1.6,mc,15,90,,0.23,ci,ci501894,2016-02-03T02:36:09.300Z,"4km SE of Big Bear Lake, CA",earthquake,0.53,1.66,,8,reviewed,ci,ci
1983-01-09T12:25:36.580Z,37.628,-118.8776667,4.168,1.59,md,10,94,0.03423,0.04,nc,nc1084885,2016-12-10T17:59:32.796Z,"8 km ESE of Mammoth Lakes, California",earthquake,0.47,1,0.38,8,reviewed,nc,nc
1983-01-09T22:19:19.970Z,37.6333333,-118.9205,2.033,1.59,md,8,101,0.02162,0.03,nc,nc1084947,2016-12-10T18:03:17.149Z,"4 km ESE of Mammoth Lakes, California",earthquake,0.42,0.69,0.45,4,reviewed,nc,nc
1983-01-09T04:53:04.680Z,19.3645,-155.0455,1.126,1.58,ml,17,117,,0.11,hv,hv19830685,2020-03-31T21:19:14.270Z,"14 km SE of Fern Forest, Hawaii",earthquake,0.43,1.03,0.43,2,reviewed,hv,hv
1983-01-09T23:32:24.700Z,37.6333333,-118.9308333,1.303,1.58,md,7,103,0.02432,0.02,nc,nc1084957,2016-12-10T18:03:53.933Z,"4 km ESE of Mammoth Lakes, California",earthquake,0.55,0.97,0.09,6,reviewed,nc,nc
1983-01-09T06:09:21.470Z,37.6288333,-118.9093333,-0.022,1.57,md,8,155,0.01712,0.02,nc,nc1084830,2016-12-10T17:56:12.694Z,"5 km ESE of Mammoth Lakes, California",earthquake,0.86,0.87,0.04,6,reviewed,nc,nc
1983-01-09T08:31:03.170Z,37.6251667,-118.8976667,0.928,1.57,md,10,81,0.01892,0.04,nc,nc1084844,2016-12-10T17:57:02.775Z,"7 km ESE of Mammoth Lakes, California",earthquake,0.41,0.6,0.15,7,reviewed,nc,nc
1983-01-09T22:04:31.450Z,37.6121667,-118.9241667,1.843,1.57,md,9,138,0.007207,0.06,nc,nc1084945,2016-12-10T18:03:10.011Z,"5 km SE of Mammoth Lakes, California",earthquake,0.54,0.65,0.04,4,reviewed,nc,nc
1983-01-09T22:57:42.820Z,37.6083333,-118.9198333,0.873,1.57,md,10,144,0.005405,0.02,nc,nc1084953,2016-12-10T18:03:39.132Z,"6 km SE of Mammoth Lakes, California",earthquake,0.68,0.34,0.07,7,reviewed,nc,nc
1983-01-09T17:59:10.560Z,37.6376667,-118.911,5.418,1.56,md,9,102,0.01802,0.03,nc,nc1084923,2016-12-10T18:01:52.342Z,"5 km ESE of Mammoth Lakes, California",earthquake,0.61,0.97,0.09,7,reviewed,nc,nc
1983-01-09T13:47:58.300Z,37.6353333,-118.9325,-0.417,1.55,md,6,102,0.02703,0.02,nc,nc1084901,2016-12-10T18:00:36.235Z,"3 km ESE of Mammoth Lakes, California",earthquake,0.3,0.74,0.22,6,reviewed,nc,nc
1983-01-09T02:34:09.360Z,35.74,-117.745,7.51,1.54,mc,19,46,,0.13,ci,ci501824,2016-04-02T07:03:40.778Z,"12km NNE of Inyokern, CA",earthquake,0.28,1.11,,13,reviewed,ci,ci
1983-01-09T09:44:00.370Z,37.6331667,-118.9233333,3.043,1.54,md,10,75,0.02162,0.02,nc,nc1084853,2016-12-10T17:57:35.794Z,"4 km ESE of Mammoth Lakes, California",earthquake,0.72,1.07,0.09,6,reviewed,nc,nc
1983-01-09T17:49:40.030Z,33.723,-117.456,8.391,1.54,mc,7,203,,0.2,ci,ci501878,2016-02-02T22:33:45.150Z,"13km WNW of Lake Elsinore, CA",earthquake,0.99,2.9,,5,reviewed,ci,ci
1983-01-09T04:33:58.870Z,37.6133333,-118.8616667,4.228,1.52,md,9,119,0.03423,0.03,nc,nc1084817,2016-12-10T17:55:25.789Z,"10 km ESE of Mammoth Lakes, California",earthquake,0.46,1.05,0.05,6,reviewed,nc,nc
1983-01-09T08:49:25.080Z,37.6401667,-118.9236667,2.764,1.52,md,9,75,0.02072,0.03,nc,nc1084847,2016-12-10T17:57:13.703Z,"4 km ESE of Mammoth Lakes, California",earthquake,0.48,0.91,0.08,4,reviewed,nc,nc
1983-01-09T20:01:05.960Z,19.3655,-155.287,24.614,1.52,md,39,37,,0.12,hv,hv19830702,2020-03-31T21:17:48.140Z,"10 km SSW of Volcano, Hawaii",earthquake,0.67,0.99,,1,reviewed,hv,hv
1983-01-09T04:41:20.970Z,37.6451667,-118.9381667,1.782,1.51,md,9,75,0.02072,0.03,nc,nc1084819,2016-12-10T17:55:32.797Z,"3 km E of Mammoth Lakes, California",earthquake,0.45,0.73,0.08,5,reviewed,nc,nc
1983-01-09T13:20:55.820Z,37.6363333,-118.9175,6.078,1.51,md,8,85,0.02072,0.02,nc,nc1084895,2016-12-10T18:00:14.471Z,"5 km ESE of Mammoth Lakes, California",earthquake,1.17,1.99,0.15,6,reviewed,nc,nc
1983-01-09T03:32:51.720Z,35.818,-117.729,6.53,1.5,mc,18,65,,0.13,ci,ci501827,2016-02-02T22:33:42.540Z,"20km NNE of Inyokern, CA",earthquake,0.44,1.17,,13,reviewed,ci,ci
1983-01-09T07:48:25.070Z,33.811,-117.746,5.054,1.5,mh,11,163,,0.22,ci,ci501843,2016-02-03T03:55:42.720Z,"6km E of Villa Park, CA",earthquake,0.94,18.95,,0,reviewed,ci,ci
1983-01-09T09:21:28.010Z,19.3286667,-155.201,7.913,1.5,ml,16,84,,0.06,hv,hv19830688,2020-03-31T21:19:14.710Z,"13 km SSE of Volcano, Hawaii",earthquake,0.58,1.08,,2,reviewed,hv,hv
1983-01-09T11:02:35.390Z,37.6208333,-118.8603333,4.328,1.5,md,9,175,0.02793,0.02,nc,nc1084863,2016-12-10T17:58:12.896Z,"10 km ESE of Mammoth Lakes, California",earthquake,0.69,1.27,0.07,7,reviewed,nc,nc
1983-01-09T13:41:14.620Z,35.816,-117.748,6.549,1.5,mc,15,59,0.0155,0.13,ci,ci501865,2016-02-02T19:56:19.230Z,"20km SE of Little Lake, CA",earthquake,0.39,1.13,,14,reviewed,ci,ci
1983-01-09T20:19:10.250Z,37.6403333,-118.9086667,5.488,1.5,md,9,100,0.01441,0.02,nc,nc1084935,2016-12-10T18:02:37.078Z,"5 km E of Mammoth Lakes, California",earthquake,0.86,1.37,0.15,6,reviewed,nc,nc
1983-01-09T20:24:48.930Z,32.98,-115.576,5.961,1.5,mh,11,96,0.1451,0.22,ci,ci501890,2016-04-02T12:24:40.832Z,"4km W of Brawley, CA",earthquake,0.8,15.12,,0,reviewed,ci,ci
1983-01-09T21:05:13.370Z,46.1965,-122.191,-1.401,1.5,md,7,110,0.01313,0.16,uw,uw10148873,2016-07-24T22:53:22.070Z,"37 km NNE of Amboy, Washington",earthquake,0.135,2.84,0.15,1,reviewed,uw,uw
1983-01-09T01:57:02.150Z,37.6258333,-118.8656667,3.828,1.49,md,11,101,0.02883,0.02,nc,nc1084797,2016-12-10T17:54:09.804Z,"9 km ESE of Mammoth Lakes, California",earthquake,0.4,0.8,0.18,7,reviewed,nc,nc
1983-01-09T04:11:55.860Z,37.638,-118.9101667,0.918,1.49,md,9,100,0.01712,0.01,nc,nc1084815,2016-12-10T17:55:18.740Z,"5 km ESE of Mammoth Lakes, California",earthquake,0.32,0.68,0.02,6,reviewed,nc,nc
1983-01-09T17:54:20.660Z,19.4048333,-155.0126667,4.26,1.49,ml,17,177,,0.1,hv,hv19830701,2020-03-31T21:17:48.000Z,"12 km SW of P?hoa, Hawaii",earthquake,0.8,1.72,,1,reviewed,hv,hv
1983-01-09T02:20:43.240Z,37.6401667,-118.92,4.544,1.47,md,9,67,0.01802,0.03,nc,nc1084804,2016-12-10T17:54:38.777Z,"4 km ESE of Mammoth Lakes, California",earthquake,0.81,0.84,0.14,7,reviewed,nc,nc
1983-01-09T03:28:30.560Z,19.3616667,-155.0301667,0.979,1.47,ml,14,152,,0.11,hv,hv19830682,2020-03-31T21:19:13.830Z,"15 km SE of Fern Forest, Hawaii",earthquake,0.4,0.81,0.06,2,reviewed,hv,hv
1983-01-09T04:16:23.010Z,35.75,-117.723,4.01,1.47,mc,15,62,0.06173,0.17,ci,ci501833,2016-02-02T23:52:30.110Z,"14km NE of Inyokern, CA",earthquake,0.38,0.51,,11,reviewed,ci,ci
1983-01-09T04:44:25.640Z,37.6248333,-118.876,3.703,1.47,md,7,99,0.03423,0.03,nc,nc1084821,2016-12-10T17:55:39.750Z,"8 km ESE of Mammoth Lakes, California",earthquake,0.58,1.18,0.21,2,reviewed,nc,nc
1983-01-09T01:03:07.840Z,37.6373333,-118.919,-0.657,1.45,md,8,83,0.02072,0.02,nc,nc1084786,2016-12-10T17:53:30.066Z,"4 km ESE of Mammoth Lakes, California",earthquake,0.26,0.38,0.11,4,reviewed,nc,nc
1983-01-09T07:48:07.530Z,19.3153333,-155.1623333,6.477,1.45,ml,18,108,,0.06,hv,hv19830687,2020-03-31T21:19:14.560Z,"15 km SSE of Volcano, Hawaii",earthquake,0.55,1.1,0.01,2,reviewed,hv,hv
1983-01-09T23:12:11.110Z,37.618,-118.8843333,5.676,1.45,md,11,110,0.02523,0.05,nc,nc1084955,2016-12-10T18:03:46.610Z,"8 km ESE of Mammoth Lakes, California",earthquake,0.54,0.97,0.31,8,reviewed,nc,nc
1983-01-09T02:34:25.190Z,37.6451667,-118.9263333,0.124,1.44,md,7,106,0.01892,0.01,nc,nc1084807,2016-12-10T17:54:49.705Z,"4 km E of Mammoth Lakes, California",earthquake,0.61,0.51,0.05,6,reviewed,nc,nc
1983-01-09T22:36:28.440Z,19.3655,-155.0298333,6.723,1.44,ml,16,150,,0.1,hv,hv19830706,2020-03-31T21:17:48.740Z,"15 km SE of Fern Forest, Hawaii",earthquake,0.57,0.84,0.1,2,reviewed,hv,hv
1983-01-09T08:58:51.790Z,37.644,-118.9348333,-0.168,1.43,md,8,70,0.02252,0.05,nc,nc1084849,2016-12-10T17:57:21.385Z,"California-Nevada border region",earthquake,0.3,0.87,0.1,5,reviewed,nc,nc
1983-01-09T10:46:12.120Z,35.74,-117.756,6.18,1.42,mc,16,46,,0.18,ci,ci501853,2016-02-03T03:55:43.710Z,"12km NNE of Inyokern, CA",earthquake,0.43,1.96,,14,reviewed,ci,ci
1983-01-09T07:15:08.770Z,37.6273333,-118.8811667,4.868,1.41,md,11,92,0.03153,0.04,nc,nc1084834,2016-12-10T17:56:27.037Z,"8 km ESE of Mammoth Lakes, California",earthquake,0.57,1.16,0.21,7,reviewed,nc,nc
1983-01-09T15:56:39.500Z,19.3733333,-155.1423333,2.253,1.41,ml,19,93,,0.14,hv,hv19830696,2020-03-31T21:19:15.910Z,"10 km S of Fern Forest, Hawaii",earthquake,0.61,0.52,0.01,3,reviewed,hv,hv
1983-01-09T17:29:29.140Z,37.646,-118.9323333,3.682,1.41,md,8,75,0.02072,0.05,nc,nc1084921,2016-12-10T18:01:45.282Z,"3 km E of Mammoth Lakes, California",earthquake,0.71,0.95,0.24,4,reviewed,nc,nc
1983-01-09T22:24:19.750Z,37.6425,-118.9411667,1.822,1.41,md,10,66,0.02252,0.02,nc,nc1084948,2016-12-10T18:03:20.739Z,"2 km ESE of Mammoth Lakes, California",earthquake,0.5,0.8,0.19,7,reviewed,nc,nc
1983-01-09T14:02:51.200Z,35.807,-117.747,5.829,1.4,mc,16,56,,0.15,ci,ci501866,2016-02-02T23:52:31.080Z,"19km NNE of Inyokern, CA",earthquake,0.46,1.21,,10,reviewed,ci,ci
1983-01-09T23:31:40.350Z,37.6255,-118.949,0.572,1.4,md,8,99,0.01081,0.02,nc,nc1084956,2016-12-10T18:03:50.220Z,"3 km SE of Mammoth Lakes, California",earthquake,1.76,1.97,0.05,7,reviewed,nc,nc
1983-01-09T05:27:58.390Z,37.6406667,-118.9156667,7.228,1.38,md,10,55,0.01622,0.04,nc,nc1084825,2016-12-10T17:55:54.462Z,"5 km E of Mammoth Lakes, California",earthquake,0.61,1.05,0.1,7,reviewed,nc,nc
1983-01-09T07:58:43.050Z,37.6343333,-118.9283333,2.063,1.35,md,8,78,0.02432,0.03,nc,nc1084841,2016-12-10T17:56:52.218Z,"4 km ESE of Mammoth Lakes, California",earthquake,1.09,1.85,0.04,3,reviewed,nc,nc
1983-01-09T08:32:32.760Z,35.812,-117.743,8.999,1.35,mc,17,59,,0.17,ci,ci501844,2016-02-02T22:33:44.090Z,"19km NNE of Inyokern, CA",earthquake,0.43,1.25,,10,reviewed,ci,ci
1983-01-09T12:07:53.180Z,37.6405,-118.9271667,4.984,1.35,md,8,112,0.02252,0.01,nc,nc1084882,2016-12-10T17:59:21.725Z,"4 km ESE of Mammoth Lakes, California",earthquake,0.86,1.46,0.2,6,reviewed,nc,nc
1983-01-09T18:14:08.830Z,37.6215,-118.8583333,2.108,1.35,md,10,108,0.04595,0.03,nc,nc1084925,2016-12-10T18:01:59.732Z,"10 km ESE of Mammoth Lakes, California",earthquake,0.42,1.02,0.02,7,reviewed,nc,nc
1983-01-09T01:50:27.500Z,37.6278333,-118.8856667,5.338,1.34,md,11,89,0.02793,0.04,nc,nc1084796,2016-12-10T17:54:06.214Z,"7 km ESE of Mammoth Lakes, California",earthquake,0.41,0.9,0.18,7,reviewed,nc,nc
1983-01-09T12:57:58.450Z,35.801,-117.742,4.15,1.34,mc,15,55,,0.18,ci,ci501863,2016-02-02T23:52:30.610Z,"18km NNE of Inyokern, CA",earthquake,0.43,0.55,,9,reviewed,ci,ci
1983-01-09T22:54:43.050Z,37.6228333,-118.8846667,-0.114,1.34,md,8,149,0.02703,0.02,nc,nc1084952,2016-12-10T18:03:35.472Z,"8 km ESE of Mammoth Lakes, California",earthquake,0.37,0.83,0.11,7,reviewed,nc,nc
1983-01-09T01:44:09.860Z,37.6385,-118.9318333,3.244,1.33,md,8,92,0.02613,0.03,nc,nc1084795,2016-12-10T17:54:02.577Z,"3 km ESE of Mammoth Lakes, California",earthquake,0.47,0.87,0.06,4,reviewed,nc,nc
1983-01-09T09:49:48.060Z,19.3341667,-155.0105,2.889,1.33,ml,13,203,,0.11,hv,hv19830690,2020-03-31T21:19:15.050Z,"17 km SSW of Leilani Estates, Hawaii",earthquake,1.62,0.95,0.12,3,reviewed,hv,hv
1983-01-09T09:54:58.630Z,37.6241667,-118.88,5.862,1.33,md,9,98,0.03063,0.03,nc,nc1084854,2016-12-10T17:57:39.529Z,"8 km ESE of Mammoth Lakes, California",earthquake,0.8,1.61,0.2,5,reviewed,nc,nc
1983-01-09T11:15:10.950Z,37.6335,-118.891,2.568,1.33,md,9,139,0.02432,0.01,nc,nc1084865,2016-12-10T17:58:20.215Z,"7 km ESE of Mammoth Lakes, California",earthquake,0.54,0.72,0.17,5,reviewed,nc,nc
1983-01-09T22:01:52.620Z,37.6258333,-118.8896667,0.748,1.32,md,7,151,0.02432,0.01,nc,nc1084944,2016-12-10T18:03:06.180Z,"7 km ESE of Mammoth Lakes, California",earthquake,0.4,0.77,0.16,7,reviewed,nc,nc
1983-01-09T00:40:14.810Z,32.961,-115.529,13.901,1.3,mh,9,80,,0.19,ci,ci501818,2016-04-02T12:23:18.072Z,"2km S of Brawley, CA",earthquake,0.79,2.2,,0,reviewed,ci,ci
1983-01-09T01:21:47.030Z,37.621,-118.8595,2.588,1.3,md,8,175,0.04505,0.02,nc,nc1084793,2016-12-10T17:53:55.674Z,"10 km ESE of Mammoth Lakes, California",earthquake,0.59,1.18,0.04,4,reviewed,nc,nc
1983-01-09T08:35:05.090Z,33.657,-116.7,13.605,1.3,mh,9,75,0.04236,0.17,ci,ci501846,2016-04-02T18:40:40.309Z,"9km S of Idyllwild, CA",earthquake,0.84,2.16,,0,reviewed,ci,ci
1983-01-09T08:36:16.880Z,33.65,-116.711,13.425,1.3,mh,13,60,,0.12,ci,ci501845,2016-02-02T19:56:18.270Z,"10km S of Idyllwild, CA",earthquake,0.43,1.06,,0,reviewed,ci,ci
1983-01-09T10:30:08.920Z,37.6255,-118.8855,3.586,1.3,md,10,93,0.02703,0.03,nc,nc1084858,2016-12-10T17:57:54.303Z,"8 km ESE of Mammoth Lakes, California",earthquake,0.35,0.71,0.07,5,reviewed,nc,nc
1983-01-09T18:29:37.620Z,33.469,-116.567,10.989,1.3,mh,9,80,,0.08,ci,ci501881,2016-02-02T21:14:33.740Z,"14km SE of Anza, CA",earthquake,0.46,1.44,,0,reviewed,ci,ci
1983-01-09T17:11:54.680Z,35.734,-117.752,7.3,1.29,mc,15,78,,0.14,ci,ci501874,2016-02-02T23:52:32.050Z,"11km NNE of Inyokern, CA",earthquake,0.49,1.4,,8,reviewed,ci,ci
1983-01-09T06:26:25.700Z,35.736,-117.754,7.93,1.28,mc,15,78,,0.12,ci,ci501838,2016-02-03T03:55:42.230Z,"11km NNE of Inyokern, CA",earthquake,0.34,1.22,,8,reviewed,ci,ci
1983-01-09T01:23:10.120Z,37.644,-118.9315,3.954,1.27,md,8,127,0.02342,0.05,nc,nc1084794,2016-12-10T17:53:58.893Z,"3 km E of Mammoth Lakes, California",earthquake,0.58,0.63,0.06,2,reviewed,nc,nc
1983-01-09T23:05:42.640Z,19.3231667,-155.1406667,5.617,1.27,ml,17,80,,0.1,hv,hv19830707,2020-03-31T21:17:48.890Z,"15 km S of Fern Forest, Hawaii",earthquake,0.65,1.73,0.04,2,reviewed,hv,hv
1983-01-09T00:07:58.010Z,37.6201667,-118.9326667,2.173,1.26,md,6,140,0.01622,0.01,nc,nc1084782,2016-12-10T17:53:15.420Z,"4 km SE of Mammoth Lakes, California",earthquake,1.91,2.67,0.08,6,reviewed,nc,nc
1983-01-09T06:21:39.320Z,37.638,-118.946,1.812,1.26,md,7,81,0.01712,0.02,nc,nc1084831,2016-12-10T17:56:16.204Z,"2 km ESE of Mammoth Lakes, California",earthquake,0.51,1.13,0.03,4,reviewed,nc,nc
1983-01-09T00:59:44.190Z,37.6248333,-118.8836667,5.088,1.25,md,10,96,0.02793,0.04,nc,nc1084785,2016-12-10T17:53:26.413Z,"8 km ESE of Mammoth Lakes, California",earthquake,0.48,0.94,0.17,7,reviewed,nc,nc
1983-01-09T07:32:43.430Z,37.6433333,-118.9145,4.204,1.24,md,8,140,0.01351,0.04,nc,nc1084837,2016-12-10T17:56:37.846Z,"5 km E of Mammoth Lakes, California",earthquake,0.64,0.94,0.27,3,reviewed,nc,nc
1983-01-09T02:13:16.880Z,37.6466667,-118.9391667,2.992,1.23,md,7,96,0.01892,0.02,nc,nc1084801,2016-12-10T17:54:28.245Z,"2 km E of Mammoth Lakes, California",earthquake,0.66,1.42,0.25,7,reviewed,nc,nc
1983-01-09T03:36:42.860Z,35.742,-117.752,6.15,1.23,mc,13,81,,0.17,ci,ci501828,2016-02-03T01:12:24.230Z,"12km NNE of Inyokern, CA",earthquake,0.4,1.26,,8,reviewed,ci,ci
1983-01-09T12:35:45.180Z,37.6421667,-118.9105,5.168,1.23,md,9,97,0.01351,0.02,nc,nc1084888,2016-12-10T17:59:43.696Z,"5 km E of Mammoth Lakes, California",earthquake,0.56,0.81,0.05,6,reviewed,nc,nc
1983-01-09T06:06:22.240Z,37.6183333,-118.883,3.528,1.19,md,9,109,0.02613,0.03,nc,nc1084829,2016-12-10T17:56:09.116Z,"8 km ESE of Mammoth Lakes, California",earthquake,0.81,1.19,0.07,7,reviewed,nc,nc
1983-01-09T10:25:42.930Z,37.6186667,-118.8853333,3.788,1.19,md,6,190,0.02432,0.01,nc,nc1084857,2016-12-10T17:57:50.817Z,"8 km ESE of Mammoth Lakes, California",earthquake,2.72,3.81,0.11,6,reviewed,nc,nc
1983-01-09T15:51:46.760Z,19.3303333,-155.1663333,7.563,1.19,ml,13,134,,0.03,hv,hv19830695,2020-03-31T21:19:15.770Z,"14 km SSE of Volcano, Hawaii",earthquake,1.11,2.46,0.08,2,reviewed,hv,hv
1983-01-09T09:15:21.950Z,37.6456667,-118.9405,1.632,1.18,md,9,67,0.02072,0.03,nc,nc1084851,2016-12-10T17:57:28.729Z,"2 km E of Mammoth Lakes, California",earthquake,0.36,0.84,0.17,4,reviewed,nc,nc
1983-01-09T05:17:37.190Z,37.6258333,-118.902,6.763,1.15,md,8,72,0.01712,0.06,nc,nc1084824,2016-12-10T17:55:50.691Z,"6 km ESE of Mammoth Lakes, California",earthquake,1.11,2.3,0.1,6,reviewed,nc,nc
1983-01-09T02:14:04.500Z,37.6403333,-118.9223333,1.414,1.14,md,6,127,0.01982,0.01,nc,nc1084802,2016-12-10T17:54:31.734Z,"4 km ESE of Mammoth Lakes, California",earthquake,0.87,3.85,0.11,5,reviewed,nc,nc
1983-01-09T02:21:16.590Z,37.6393333,-118.9228333,1.713,1.14,md,8,76,0.02072,0.02,nc,nc1084805,2016-12-10T17:54:42.514Z,"4 km ESE of Mammoth Lakes, California",earthquake,0.43,0.92,0.01,6,reviewed,nc,nc
1983-01-09T11:39:12.560Z,37.6458333,-118.9366667,1.452,1.14,md,8,83,0.01982,0.02,nc,nc1084873,2016-12-10T17:58:49.586Z,"3 km E of Mammoth Lakes, California",earthquake,0.41,0.9,0.01,4,reviewed,nc,nc
1983-01-09T13:31:05.170Z,40.7223333,-112.1746667,0.42,1.13,md,15,85,0.0526,0.28,uu,uu50008195,2018-08-28T02:53:55.730Z,"6 km WNW of Magna, Utah",earthquake,0.62,2.34,,6,reviewed,uu,uu
1983-01-09T00:12:13.690Z,37.6201667,-118.8758333,5.003,1.1,md,8,107,0.03243,0.02,nc,nc1084783,2016-12-10T17:53:19.315Z,"9 km ESE of Mammoth Lakes, California",earthquake,0.79,1.6,0.16,4,reviewed,nc,nc
1983-01-09T02:00:19.110Z,35.734,-117.766,7.24,1.1,mh,7,122,,0.11,ci,ci501823,2016-02-03T03:55:41.300Z,"11km NNE of Inyokern, CA",earthquake,0.82,1.29,,0,reviewed,ci,ci
1983-01-09T04:36:37.120Z,33.476,-116.565,7.925,1.1,mh,10,79,,0.17,ci,ci501834,2016-02-03T02:36:07.840Z,"13km SE of Anza, CA",earthquake,0.65,2.63,,0,reviewed,ci,ci
1983-01-09T05:56:15.870Z,33.764,-115.94,-0.703,1.1,mh,6,173,,0.08,ci,ci501836,2016-04-01T23:29:36.782Z,"23km NE of Thermal, CA",earthquake,1.25,1.85,,0,reviewed,ci,ci
1983-01-09T10:33:35.720Z,33.947,-116.725,15.643,1.1,mh,11,83,,0.09,ci,ci501852,2016-04-02T12:24:37.122Z,"7km ENE of Cabazon, CA",earthquake,0.51,1.3,,0,reviewed,ci,ci
1983-01-09T23:01:25.480Z,34.289,-117.072,4.317,1.1,mh,12,87,,0.2,ci,ci501896,2016-02-02T22:33:46.210Z,"10km NNE of Running Springs, CA",quarry blast,0.46,3.48,,0,reviewed,ci,ci
1983-01-09T22:14:13.690Z,37.6366667,-118.9263333,0.313,1.09,md,7,74,0.02432,0.02,nc,nc1084946,2016-12-10T18:03:13.611Z,"4 km ESE of Mammoth Lakes, California",earthquake,0.32,1.25,0.17,6,reviewed,nc,nc
1983-01-09T09:53:53.720Z,35.727,-117.755,7.196,1.08,mc,10,75,,0.15,ci,ci501851,2016-02-02T19:56:18.740Z,"10km NNE of Inyokern, CA",earthquake,0.53,1.58,,5,reviewed,ci,ci
1983-01-09T11:34:32.330Z,37.6303333,-118.8753333,0.598,1.06,md,7,204,0.03423,0.01,nc,nc1084871,2016-12-10T17:58:42.175Z,"8 km ESE of Mammoth Lakes, California",earthquake,1,1.84,0.06,5,reviewed,nc,nc
1983-01-09T08:34:21.180Z,37.6531667,-118.939,7.832,1.05,md,5,133,0.01261,0.03,nc,nc1084845,2016-12-10T17:57:06.463Z,"2 km E of Mammoth Lakes, California",earthquake,2.11,8.48,0.17,5,reviewed,nc,nc
1983-01-09T02:17:57.070Z,37.6373333,-118.93,0.863,1.04,md,6,108,0.02613,0,nc,nc1084803,2016-12-10T17:54:35.265Z,"3 km ESE of Mammoth Lakes, California",earthquake,0.62,1.51,0.19,6,reviewed,nc,nc
1983-01-09T09:44:44.590Z,19.3165,-155.1865,2.833,1.04,ml,12,107,,0.09,hv,hv19830689,2020-03-31T21:19:14.890Z,"14 km SSE of Volcano, Hawaii",earthquake,0.35,1.29,0.14,2,reviewed,hv,hv
1983-01-09T08:55:43.390Z,37.6456667,-118.9395,1.692,1.03,md,8,71,0.02072,0.04,nc,nc1084848,2016-12-10T17:57:17.540Z,"2 km E of Mammoth Lakes, California",earthquake,0.45,1.1,0.12,3,reviewed,nc,nc
1983-01-09T16:53:00.170Z,19.3355,-155.1103333,5.898,1.03,ml,17,104,,0.08,hv,hv19830697,2020-03-31T21:19:16.050Z,"14 km S of Fern Forest, Hawaii",earthquake,0.59,1.63,0.05,2,reviewed,hv,hv
1983-01-09T12:02:46.000Z,37.644,-118.9291667,4.044,1.02,md,6,101,0.02162,0.01,nc,nc1084879,2016-12-10T17:59:10.934Z,"3 km E of Mammoth Lakes, California",earthquake,0.76,4.26,0.35,5,reviewed,nc,nc
1983-01-09T00:11:57.680Z,33.501,-116.794,5.913,1,mh,7,95,,0.16,ci,ci501816,2016-02-02T19:56:17.370Z,"9km NE of Aguanga, CA",earthquake,0.81,1.97,,0,reviewed,ci,ci
1983-01-09T01:34:59.290Z,35.732,-117.752,7.15,1,mh,11,78,,0.15,ci,ci501821,2016-04-02T15:31:39.362Z,"11km NNE of Inyokern, CA",earthquake,0.45,1.57,,0,reviewed,ci,ci
1983-01-09T12:19:53.290Z,35.727,-117.756,6.856,1,mh,10,101,,0.16,ci,ci501862,2016-04-02T12:24:39.654Z,"10km NNE of Inyokern, CA",earthquake,0.67,1.56,,0,reviewed,ci,ci
1983-01-09T17:50:50.500Z,35.81,-117.735,6.044,1,mh,7,103,,0.11,ci,ci501879,2016-02-03T03:55:44.650Z,"19km NNE of Inyokern, CA",earthquake,0.7,1.54,,0,reviewed,ci,ci
1983-01-09T19:19:51.590Z,35.814,-117.746,6.51,1,mc,13,59,,0.14,ci,ci501887,2016-02-02T21:14:34.690Z,"20km NNE of Inyokern, CA",earthquake,0.45,1.13,,6,reviewed,ci,ci
1983-01-09T14:56:03.090Z,37.6508333,-118.9443333,5.252,0.97,md,8,137,0.01532,0.02,nc,nc1084907,2016-12-10T18:00:57.619Z,"2 km E of Mammoth Lakes, California",earthquake,1.01,1.29,0.35,6,reviewed,nc,nc
1983-01-09T10:01:07.950Z,37.628,-118.8875,6.718,0.95,md,10,87,0.02703,0.02,nc,nc1084855,2016-12-10T17:57:43.169Z,"7 km ESE of Mammoth Lakes, California",earthquake,0.44,1.06,0.07,7,reviewed,nc,nc
1983-01-09T14:42:54.190Z,37.6243333,-118.8735,2.213,0.95,md,7,100,0.03514,0.08,nc,nc1084904,2016-12-10T18:00:46.765Z,"9 km ESE of Mammoth Lakes, California",earthquake,0.65,1.28,0.06,3,reviewed,nc,nc
1983-01-09T10:17:17.200Z,19.3625,-155.2995,2.214,0.92,ml,10,78,,0.08,hv,hv19830691,2020-03-31T21:19:15.190Z,"11 km SW of Volcano, Hawaii",earthquake,0.4,0.79,,1,reviewed,hv,hv
1983-01-09T12:42:24.510Z,19.3343333,-155.2076667,6.205,0.91,ml,11,74,,0.04,hv,hv19830692,2020-03-31T21:19:15.340Z,"12 km SSE of Volcano, Hawaii",earthquake,0.63,1.5,0.05,2,reviewed,hv,hv
1983-01-09T03:19:39.190Z,35.808,-117.739,8.308,0.9,mh,10,102,,0.16,ci,ci501826,2016-02-02T22:33:42.060Z,"19km NNE of Inyokern, CA",earthquake,0.51,0.59,,0,reviewed,ci,ci
1983-01-09T03:40:03.430Z,47.7268333,-120.0411667,4.194,0.9,md,8,89,0.08031,0.16,uw,uw10148778,2016-07-24T22:53:20.460Z,"9 km NNE of Waterville, Washington",earthquake,0.659,2.32,0.11,3,reviewed,uw,uw
1983-01-09T12:03:55.790Z,35.803,-117.738,5.168,0.9,mh,12,101,,0.11,ci,ci501861,2016-04-02T18:40:41.507Z,"19km NNE of Inyokern, CA",earthquake,0.49,0.99,,0,reviewed,ci,ci
1983-01-09T14:52:10.870Z,35.732,-117.761,6.628,0.9,mh,9,100,,0.17,ci,ci501867,2016-02-03T01:12:26.520Z,"10km NNE of Inyokern, CA",earthquake,0.88,1.74,,0,reviewed,ci,ci
1983-01-09T04:28:00.880Z,19.3271667,-155.1393333,2.792,0.85,ml,15,132,,0.1,hv,hv19830684,2020-03-31T21:19:14.110Z,"15 km S of Fern Forest, Hawaii",earthquake,0.53,1.23,,1,reviewed,hv,hv
1983-01-09T08:28:54.840Z,37.631,-118.892,7.328,0.82,md,11,77,0.02613,0.02,nc,nc1084843,2016-12-10T17:56:59.271Z,"7 km ESE of Mammoth Lakes, California",earthquake,0.6,1.16,0.14,8,reviewed,nc,nc
1983-01-09T14:27:58.150Z,37.643,-118.9296667,1.644,0.81,md,7,101,0.02252,0.02,nc,nc1084903,2016-12-10T18:00:43.251Z,"3 km E of Mammoth Lakes, California",earthquake,0.85,2.6,0.16,5,reviewed,nc,nc
1983-01-09T01:17:39.680Z,34.132,-117.44,3.521,0.8,mh,11,69,,0.23,ci,ci501819,2016-02-03T01:12:23.200Z,"4km NNE of Fontana, CA",earthquake,0.7,0.76,,0,reviewed,ci,ci
1983-01-09T03:38:16.890Z,35.729,-117.737,10.706,0.8,mh,10,80,,0.15,ci,ci501829,2016-04-02T18:40:39.129Z,"11km NE of Inyokern, CA",earthquake,0.52,1.25,,0,reviewed,ci,ci
1983-01-09T04:05:14.460Z,35.739,-117.743,6.748,0.8,mh,11,82,,0.14,ci,ci501830,2016-02-03T01:12:24.680Z,"12km NNE of Inyokern, CA",earthquake,0.48,1.02,,0,reviewed,ci,ci
1983-01-09T06:28:13.780Z,35.737,-117.75,7.486,0.8,mh,10,80,,0.15,ci,ci501839,2016-04-02T05:58:39.410Z,"12km NNE of Inyokern, CA",earthquake,0.58,1.72,,0,reviewed,ci,ci
1983-01-09T07:23:20.950Z,36.6451667,-121.2688333,2.676,0.8,md,11,89,0.008108,0.09,nc,nc1084835,2016-12-10T17:56:30.696Z,"16 km SSE of Tres Pinos, California",earthquake,0.34,0.46,0.25,7,reviewed,nc,nc
1983-01-09T14:54:56.650Z,33.249,-116.401,5.303,0.8,mh,4,134,,0.16,ci,ci501868,2016-02-02T22:33:44.650Z,"2km WSW of Borrego Springs, CA",earthquake,0.92,9.75,,0,reviewed,ci,ci
1983-01-09T17:49:14.760Z,33.258,-116.305,14.536,0.8,mh,3,130,,0.06,ci,ci501877,2016-02-02T23:52:32.530Z,"6km E of Borrego Springs, CA",earthquake,1.11,1.75,,0,reviewed,ci,ci
1983-01-09T18:52:51.770Z,35.809,-117.747,6.609,0.8,mh,13,57,,0.13,ci,ci501884,2016-04-02T15:33:00.319Z,"19km NNE of Inyokern, CA",earthquake,0.54,1.06,,0,reviewed,ci,ci
1983-01-09T17:42:37.590Z,37.64,-118.9278333,0.384,0.77,md,7,111,0.02252,0.02,nc,nc1084922,2016-12-10T18:01:48.876Z,"4 km ESE of Mammoth Lakes, California",earthquake,0.51,2.28,0.03,4,reviewed,nc,nc
1983-01-09T11:24:01.810Z,39.4071667,-121.5228333,8.867,0.76,md,5,145,0.05405,0.07,nc,nc1084868,2016-12-10T17:58:31.236Z,"3 km SSE of Palermo, California",earthquake,1.01,1.06,0.14,5,reviewed,nc,nc
1983-01-09T11:26:17.880Z,39.4071667,-121.2541667,17.261,0.76,md,4,249,0.03063,0.02,nc,nc1084869,2016-12-10T17:58:34.951Z,"5 km NW of Dobbins, California",earthquake,1.27,0.42,0.01,2,reviewed,nc,nc
1983-01-09T16:41:09.790Z,46.2066667,-122.189,-1.181,0.7,md,9,98,0.002884,0.11,uw,uw10148803,2016-07-24T22:53:21.070Z,"38 km NNE of Amboy, Washington",earthquake,0.355,0.42,0.05,5,reviewed,uw,uw
1983-01-09T11:32:17.080Z,37.6365,-118.9256667,0.998,0.68,md,6,121,0.02432,0.01,nc,nc1084870,2016-12-10T17:58:38.584Z,"4 km ESE of Mammoth Lakes, California",earthquake,0.88,3.37,0.2,7,reviewed,nc,nc
1983-01-09T05:39:41.980Z,38.8078333,-122.7941667,1.207,0.67,md,7,142,0,0.02,nc,nc1084826,2016-12-10T17:55:58.081Z,"6 km WSW of Cobb, California",earthquake,0.72,0.64,0.04,5,reviewed,nc,nc
1983-01-09T07:49:00.880Z,38.791,-122.7768333,0.038,0.66,md,6,132,0.02162,0.02,nc,nc1084840,2016-12-10T17:56:48.712Z,"5 km SW of Cobb, California",earthquake,0.29,1.15,0.07,4,reviewed,nc,nc
1983-01-09T23:31:31.420Z,19.3478333,-155.0188333,0.459,0.64,md,7,186,,0.06,hv,hv19830708,2020-03-31T21:17:49.020Z,"17 km SW of Leilani Estates, Hawaii",earthquake,2.03,2.69,,1,reviewed,hv,hv
1983-01-09T11:44:54.570Z,37.6491667,-118.9381667,1.249,0.57,md,7,81,0.01712,0.01,nc,nc1084874,2016-12-10T17:58:53.165Z,"2 km E of Mammoth Lakes, California",earthquake,0.44,1.98,0.15,4,reviewed,nc,nc
1983-01-09T14:40:12.270Z,19.3576667,-155.1025,7.027,0.57,ml,16,103,,0.07,hv,hv19830693,2020-03-31T21:19:15.480Z,"12 km SSE of Fern Forest, Hawaii",earthquake,0.57,1.72,,1,reviewed,hv,hv
1983-01-09T01:08:53.880Z,35.859,-120.4366667,4.724,0.56,md,4,179,0.02973,0.02,nc,nc1084789,2016-12-10T17:53:41.450Z,"4 km S of Parkfield, California",earthquake,4.43,4.55,0.43,3,reviewed,nc,nc
1983-01-09T13:28:09.550Z,38.8188333,-122.7986667,2.705,0.5,md,5,251,0.01171,0.01,nc,nc1084898,2016-12-10T18:00:25.370Z,"6 km W of Cobb, California",earthquake,2,1.74,0.23,4,reviewed,nc,nc
1983-01-09T20:58:18.650Z,37.4835,-121.6541667,4.559,0.41,md,4,138,0.08559,0,nc,nc1084939,2016-12-10T18:02:51.624Z,"18 km NE of East Foothills, California",earthquake,0.89,7.84,0.21,3,reviewed,nc,nc
1983-01-09T22:10:19.080Z,19.384,-155.1165,2.904,0.32,md,6,120,,0.03,hv,hv19830704,2020-03-31T21:17:48.460Z,"9 km SSE of Fern Forest, Hawaii",earthquake,0.64,0.64,,1,reviewed,hv,hv
1983-01-09T00:08:14.700Z,45.783,27.014,10,,,,,,0.9,us,usp0001s3c,2014-11-07T00:32:27.993Z,"3 km WNW of Odobe?ti, Romania",earthquake,,,,,reviewed,us,us
1983-01-09T04:10:51.840Z,23.744,121.925,20.6,,,,,,0.6,us,usp0001s3f,2014-11-07T00:32:28.001Z,"41 km SE of Hualien City, Taiwan",earthquake,,4.7,,,reviewed,us,us
1983-01-09T10:13:41.450Z,45.694,26.626,100.2,,,,,,0.9,us,usp0001s3j,2014-11-07T00:32:28.013Z,"5 km WSW of Nereju Mic, Romania",earthquake,,6.6,,,reviewed,us,us
1983-01-09T10:54:37.380Z,40.285,29.11,10,,,,,,0.6,us,usp0001s3m,2014-11-07T00:32:28.046Z,"1 km NE of Demirta?, Turkey",earthquake,,,,,reviewed,us,us
1983-01-09T11:57:33.630Z,37.637,-118.9255,4.23,,,10,99,,0.05,nc,nc1084875,2016-12-10T17:58:56.702Z,"4 km ESE of Mammoth Lakes, California",earthquake,0.51,0.9,,,reviewed,nc,nc
1983-01-09T11:57:34.830Z,37.6351667,-118.9233333,3.877,,,8,144,0.02432,0.08,nc,nc1084876,2016-12-10T17:59:00.192Z,"4 km ESE of Mammoth Lakes, California",earthquake,0.55,1.16,,,reviewed,nc,nc
1983-01-09T12:24:03.430Z,63.264,-149.79,102.9,,,,,,0.3,us,usp0001s3s,2014-11-07T00:32:28.064Z,"44 km WSW of Cantwell, Alaska",earthquake,,11.7,,,reviewed,us,us
1983-01-09T18:43:43.110Z,9.891,-69.79,10,,,,,,1.4,us,usp0001s3y,2014-11-07T00:32:28.101Z,"11 km N of El Tocuyo, Venezuela",earthquake,,,,,reviewed,us,us
1983-01-09T18:54:27.270Z,40.707,23.175,10,,,,,,1,us,usp0001s3z,2014-11-07T00:32:28.103Z,"6 km SSE of Kolchikón, Greece",earthquake,,,,,reviewed,us,us
